accuracy,precision,recall,f1,mcc,kappa,roc_auc,model,runtime,cpu
0.9965640018755129,0.996573072230309,0.9965640018755129,0.9965610258081615,0.9964085018757405,0.9964078201440978,0.9999310713778632,Simple_CNN,1240.1356723308563,34.5
0.9716914781385535,0.9716193683269144,0.9716914781385535,0.9715713732617074,0.9704126345120422,0.9704047272520018,0.9993916025087913,Advanced_CNN,3293.6821908950806,39.0
0.97663667799789,0.9766575523841369,0.97663667799789,0.9765873888439369,0.9755801220807985,0.9755747088632908,0.9995412707683924,LSTM_Model,15824.570591926575,32.2
0.9835892626890165,0.983672046472421,0.9835892626890165,0.9835055612136068,0.9828549910898251,0.9828433205918259,0.9997418304141984,Hybrid_CNN_LSTM,4348.366491556168,39.3
0.9954723947954519,0.99547938229053,0.9954723947954519,0.9954479719229408,0.9952691164325922,0.9952665945675195,0.9997947839085757,Ensemble,20391.32453584671,43.4
