accuracy,precision,recall,f1,mcc,kappa,roc_auc,model,runtime,cpu
0.9968057672019693,0.996810329166229,0.9968057672019693,0.9967956924610748,0.9966616961711854,0.9966605748000953,0.9999793469650405,Simple_CNN,5348.0563271045685,0.0
0.9867688430430196,0.9866741540954376,0.9867688430430196,0.9866869673871629,0.9861706276074734,0.9861674268972787,0.9998561111370572,Advanced_CNN,7940.719433307648,0.0
0.9870911968116282,0.9880216269049306,0.9870911968116282,0.9870756266016893,0.986549444383105,0.9865044324233951,0.9999364048832546,LSTM_Model,149763.12163114548,0.0
0.9921829211112414,0.9921773164901753,0.9921829211112414,0.9921723588081123,0.9918283051578148,0.991827599344727,0.9999276022577616,Hybrid_CNN_LSTM,10867.54149389267,0.0
0.9971134685265503,0.9971093581317949,0.9971134685265503,0.9971060754583133,0.9969827492038665,0.9969822625475246,0.9999803147727332,Ensemble_CNN_LSTM,16087.512994766235,0.0
